Wavelength (nm),Uc
350,0.0194762209037
351,0.01992958819636
352,0.0204031322997
353,0.02021750754151
354,0.01906293452284
355,0.01833121927254
356,0.0183129998505
357,0.01870825341681
358,0.01926789400453
359,0.01898820865137
360,0.01821168957921
361,0.01710051266717
362,0.01636331021004
363,0.01650967704923
364,0.01693075503398
365,0.01773838794103
366,0.01782262763884
367,0.01771724372211
368,0.01688955497052
369,0.0167034771685
370,0.01686883780679
371,0.01728918545546
372,0.01771038716574
373,0.01754287746777
374,0.01633338176413
375,0.01632748202148
376,0.01688590613833
377,0.01649385900652
378,0.01633375597112
379,0.01674999032436
380,0.01689691013724
381,0.01733772780539
382,0.01738621012627
383,0.01612290624072
384,0.01626720538436
385,0.01642897306573
386,0.01634034692879
387,0.01578576581791
388,0.0154159109611
389,0.01523938666776
390,0.01558561345965
391,0.01541275911192
392,0.01515618025921
393,0.01564321255988
394,0.01553604222584
395,0.01523991904363
396,0.01511272791575
397,0.01498592559078
398,0.01517936654212
399,0.01527696307011
400,0.0152792091689
401,0.01567679753825
402,0.01519165502406
403,0.0149065925325
404,0.01498227940448
405,0.01490219237971
406,0.0148802035689
407,0.0152620024318
408,0.01440510588853
409,0.01418824752549
410,0.01423021021841
411,0.014115784637
412,0.01423683255916
413,0.01414136154445
414,0.01404200883909
415,0.01406673466939
416,0.01378825176674
417,0.01391567820322
418,0.01391812237039
419,0.01372339523692
420,0.01379023795563
421,0.01377618512622
422,0.01379564890401
423,0.01364657385934
424,0.01362415359805
425,0.0136238112756
426,0.01356522184885
427,0.01351187697355
428,0.01349837196698
429,0.01343303383538
430,0.01345614671787
431,0.01345625013797
432,0.0133704177306
433,0.0133755926383
434,0.01340417251459
435,0.01326702354117
436,0.01499370069213
437,0.01491087049041
438,0.01477610616719
439,0.01471056199716
440,0.01463138641725
441,0.01458077630373
442,0.01460306603073
443,0.01446923505652
444,0.01433577467963
445,0.01438896373055
446,0.0144113049683
447,0.01434622612109
448,0.01422122606635
449,0.01419990694894
450,0.01424017889173
451,0.01410466253123
452,0.01401385767474
453,0.01403772435745
454,0.01403661489348
455,0.01393917438289
456,0.01380846516759
457,0.01383251346434
458,0.01381165671187
459,0.01370501218167
460,0.01367296460346
461,0.01367321732715
462,0.01362485617225
463,0.01370087317998
464,0.01374656174584
465,0.0137122964057
466,0.01367493536138
467,0.01364278047107
468,0.01361179881342
469,0.01360038668604
470,0.01353671287444
471,0.01346740632593
472,0.01345176455094
473,0.01345491669038
474,0.0134337794832
475,0.01342160388898
476,0.01338769659597
477,0.01336871854046
478,0.01336375436571
479,0.01331113943903
480,0.01325489947655
481,0.01322876862305
482,0.01321932859069
483,0.01322262417932
484,0.01320255983401
485,0.01313698583722
486,0.0130824324834
487,0.01314880424125
488,0.01316251477063
489,0.01308597106418
490,0.01304577598806
491,0.01304357798859
492,0.01303877202034
493,0.01299956712654
494,0.01297309579477
495,0.01297053459398
496,0.01294561548627
497,0.01290808160864
498,0.01288171387812
499,0.01290049986792
500,0.01289439719154
501,0.01284658729585
502,0.0128189104985
503,0.01280557728767
504,0.01279065351343
505,0.01278022186437
506,0.01276094473506
507,0.01273902737057
508,0.0127298447388
509,0.01271490064445
510,0.01268675166406
511,0.01267845071392
512,0.01265162265874
513,0.01262418334904
514,0.0126248389274
515,0.01262665143173
516,0.01260401873342
517,0.01258572644557
518,0.01257508155189
519,0.01254778576385
520,0.01251327788843
521,0.01247913829246
522,0.01243821348134
523,0.0124491631255
524,0.01246057169935
525,0.01243375765194
526,0.01239237745557
527,0.01241063353156
528,0.01244018505839
529,0.01242232299282
530,0.01240121074215
531,0.01238744331687
532,0.01237117798351
533,0.01234108292887
534,0.01231046701241
535,0.01229313886654
536,0.01228526288391
537,0.01227472402818
538,0.01225165271834
539,0.01222694096391
540,0.01220588371034
541,0.01220524294322
542,0.01219363613592
543,0.01215722937535
544,0.01212291314484
545,0.01214472383593
546,0.01215014380581
547,0.01224114123583
548,0.01221134216532
549,0.01219561817664
550,0.0121942763285
551,0.01220543771964
552,0.01218413418219
553,0.01213626240893
554,0.01211885824263
555,0.01211892888973
556,0.01212335801078
557,0.01162916759171
558,0.01161853772537
559,0.0116179714307
560,0.01160935145066
561,0.0116031436087
562,0.01160391731999
563,0.01159678598144
564,0.01158952356843
565,0.01158532488267
566,0.01158057332709
567,0.01157977726102
568,0.01157945712702
569,0.01157169275541
570,0.01156495490775
571,0.01156070004843
572,0.01155412198287
573,0.0115479404256
574,0.01154772635883
575,0.01153673869061
576,0.01153271739939
577,0.01152918290723
578,0.0115234583516
579,0.01152479801935
580,0.01152451116284
581,0.0115125308164
582,0.0115142145031
583,0.01150698364527
584,0.01150203684776
585,0.01150313228868
586,0.01150853199389
587,0.01165587675588
588,0.01165261856015
589,0.01164265440702
590,0.01162788642916
591,0.01163125991363
592,0.01163010320472
593,0.01161475077051
594,0.01161345294074
595,0.01160658126996
596,0.01159504234525
597,0.01158540666352
598,0.01158959306477
599,0.01158771692077
600,0.01158076485014
601,0.01157539861691
602,0.01157241473049
603,0.01157126700496
604,0.01155367471138
605,0.01153808448008
606,0.01153386547624
607,0.01152019252512
608,0.01150953491571
609,0.01150838287122
610,0.01150557974574
611,0.01149871588419
612,0.01149062113855
613,0.01147969107652
614,0.01146784054421
615,0.0114612096179
616,0.01145619233447
617,0.01144636745324
618,0.01143419642234
619,0.0114229173866
620,0.01142660609601
621,0.01143280931331
622,0.01142517868778
623,0.0114161486914
624,0.01140227177679
625,0.01138667313097
626,0.01137966659716
627,0.01138345695237
628,0.0113749462991
629,0.01136627791798
630,0.01135355114468
631,0.01134534989621
632,0.01133954746665
633,0.01133491839429
634,0.01132420675914
635,0.01132772625396
636,0.01132324396373
637,0.0113083747276
638,0.01130505313713
639,0.01130399711627
640,0.01129441821628
641,0.01128897544984
642,0.01127987908009
643,0.01127365383425
644,0.01126716618284
645,0.01126598150428
646,0.01125282118362
647,0.01123274835511
648,0.01122684573834
649,0.0112234713231
650,0.01122178704617
651,0.01121497258404
652,0.0112164714444
653,0.01121643072537
654,0.01119849010663
655,0.01119747805799
656,0.011215228962
657,0.01120350464042
658,0.01120031099725
659,0.01119184084384
660,0.0111781523158
661,0.01117302668027
662,0.01117759042992
663,0.01117236827297
664,0.01117193372398
665,0.01116591447962
666,0.01115849789628
667,0.01115836135701
668,0.01116001011659
669,0.01115216044064
670,0.0111474079742
671,0.01114062479114
672,0.01113538108903
673,0.01113375363576
674,0.01113650312599
675,0.01113247589317
676,0.01112785524878
677,0.01111898427383
678,0.01111733997354
679,0.01112101418536
680,0.01112424577177
681,0.01111817554745
682,0.01111628656629
683,0.0111165159223
684,0.0111123098226
685,0.01110907304657
686,0.01110535072921
687,0.01110829761411
688,0.01110837671431
689,0.01109316749339
690,0.01108693576996
691,0.01109591965418
692,0.01108900321131
693,0.01108589471501
694,0.01108796445638
695,0.01108183697449
696,0.01108230502832
697,0.01108039052829
698,0.01106900533292
699,0.01107017840762
700,0.01106659008774
701,0.01106162130609
702,0.01106867257075
703,0.0110672876676
704,0.01105607451669
705,0.01105022225152
706,0.01104839784477
707,0.01104489315337
708,0.01104026210198
709,0.01104156163755
710,0.01103742431462
711,0.01103149302699
712,0.01102290800987
713,0.01102207374289
714,0.01103013261479
715,0.01102217422257
716,0.01102001514522
717,0.01101557289637
718,0.01101280528796
719,0.0110162419966
720,0.01102035740559
721,0.01101112542166
722,0.01101433202948
723,0.01100971079281
724,0.01099968705275
725,0.01099707958961
726,0.01099695815122
727,0.01098949425392
728,0.01098703046782
729,0.01098380721522
730,0.0109815944228
731,0.01098349183047
732,0.01098123157179
733,0.01097451705459
734,0.01097349625688
735,0.01096950790373
736,0.01096875345632
737,0.01097345960364
738,0.01096296948062
739,0.01096380244904
740,0.01096292228621
741,0.01095382765987
742,0.01095549969957
743,0.01095689807959
744,0.01095125826628
745,0.01094600898253
746,0.01094826828679
747,0.01094185788972
748,0.01094430292758
749,0.01094225088206
750,0.01093477141608
751,0.01093469398895
752,0.01092966499862
753,0.01092736545711
754,0.01092873657166
755,0.01092335999158
756,0.01092139542064
757,0.01092161612411
758,0.01091723424537
759,0.01091627744443
760,0.01091445192252
761,0.0108909092505
762,0.01089699890049
763,0.01089482421084
764,0.01088895978769
765,0.01089259945273
766,0.01088838464135
767,0.01088404494386
768,0.01088881310505
769,0.01088599528295
770,0.01087469261092
771,0.01087918357007
772,0.01087926131689
773,0.01088074512042
774,0.01087199057644
775,0.01086506760893
776,0.01086831015256
777,0.01086556416155
778,0.01086285155951
779,0.01086639029137
780,0.01086327050945
781,0.01085662029677
782,0.01085821710746
783,0.01085504485849
784,0.01085999249292
785,0.01086178439776
786,0.010852399003
787,0.01084752791705
788,0.01085259224817
789,0.01085239784381
790,0.01085059388096
791,0.01084786631456
792,0.01084160132538
793,0.01084341823362
794,0.01084577791771
795,0.01084005363947
796,0.01084557831981
797,0.01084679822527
798,0.01083949129926
799,0.01083693630474
800,0.01083053601426
801,0.0108410172498
802,0.01084424335116
803,0.01083411295923
804,0.01082503872435
805,0.01082978808956
806,0.01082792130875
807,0.01082982562136
808,0.01083072558021
809,0.01082729863788
810,0.01082781504719
811,0.01082890226637
812,0.010818120538
813,0.01082523139498
814,0.01082683625082
815,0.01081532931492
816,0.01081918282285
817,0.01081653991283
818,0.01081848074556
819,0.01080906413716
820,0.01081087732957
821,0.01081514125926
822,0.0108072773484
823,0.01080804238181
824,0.01081963022619
825,0.010806345452
826,0.01081060299347
827,0.01080905947016
828,0.01079966423769
829,0.01080661491378
830,0.01081869819775
831,0.01080887954826
832,0.01079243285695
833,0.01079648036684
834,0.01079352431871
835,0.0108051117281
836,0.01081060470486
837,0.01080598627701
838,0.01080609351927
839,0.01080024128801
840,0.01080000099327
841,0.01080121220914
842,0.01079683357914
843,0.0107961556767
844,0.01079213868575
845,0.01079395973882
846,0.01080547962206
847,0.01079442812666
848,0.01079288527331
849,0.010794628888
850,0.01080106661885
851,0.0107816298308
852,0.01078895040848
853,0.01079017713122
854,0.01077976523468
855,0.01077392619553
856,0.01077323158229
857,0.01078236195822
858,0.01079035421231
859,0.01078463463323
860,0.01079186666578
861,0.01078991434571
862,0.01078676807271
863,0.01078355626306
864,0.01077799970039
865,0.01078014971195
866,0.0107903283827
867,0.01078140158976
868,0.01078606415352
869,0.01078699733087
870,0.01077455271738
871,0.01077005887838
872,0.01076643285467
873,0.01077319693986
874,0.01079003067323
875,0.01078084492604
876,0.01075275580325
877,0.01075447997498
878,0.01077024244567
879,0.01078273632873
880,0.01077394537931
881,0.0107693517538
882,0.01077647401236
883,0.01077972130143
884,0.01077032170977
885,0.01077605957267
886,0.01077568371079
887,0.01076601077105
888,0.01077159583611
889,0.01076555278229
890,0.01076418813516
891,0.01077382655393
892,0.01076682717969
893,0.01075580331564
894,0.01075115367178
895,0.01075521497364
896,0.01075990238415
897,0.01076226645099
898,0.01077399882814
899,0.01078777370638
900,0.01077709016872
901,0.01076327361199
902,0.0107498187408
903,0.01075546818695
904,0.01077812748225
905,0.0107847694954
906,0.01078613408017
907,0.01076767515445
908,0.01077935623825
909,0.01077925909814
910,0.01077446826717
911,0.01078276904969
912,0.01076974431857
913,0.01077468383133
914,0.01079635952715
915,0.01083111051893
916,0.01083379984852
917,0.01081101903251
918,0.01079182554901
919,0.0108410591325
920,0.01079535669688
921,0.01080970453119
922,0.01084280547833
923,0.01081731211171
924,0.01082064806496
925,0.01081321125772
926,0.01081073051262
927,0.01082025464368
928,0.01082942951125
929,0.01081185028156
930,0.01082933473846
931,0.01086202996436
932,0.0108200368149
933,0.01081660314138
934,0.01085899220539
935,0.01070279323045
936,0.01066275385599
937,0.01084607803321
938,0.01087286163691
939,0.01072072688578
940,0.01071263366719
941,0.01088508787076
942,0.01084830493439
943,0.01070280527427
944,0.01085494444304
945,0.0107040271701
946,0.01078518407104
947,0.01069699551829
948,0.01068301649467
949,0.01073721553378
950,0.01072810990082
951,0.01069524911179
952,0.01072048636082
953,0.01078893486065
954,0.01077159496266
955,0.01071160165611
956,0.01077941903541
957,0.01074230824201
958,0.01073962276219
959,0.0107621341371
960,0.01080591614097
961,0.01075438676097
962,0.01073958755168
963,0.01079030227743
964,0.01073108852748
965,0.01077127125028
966,0.01081882116502
967,0.01082153908439
968,0.01087179098229
969,0.01073652314237
970,0.01072146660573
971,0.01074397671497
972,0.01076817734812
973,0.01083538762163
974,0.01075874443824
975,0.0107660829954
976,0.01083799990788
977,0.01078545378883
978,0.01080180358153
979,0.01086444424487
980,0.01087293643799
981,0.01092402512971
982,0.01087151135808
983,0.01076288271698
984,0.01073902796299
985,0.01085086254568
986,0.01094844408451
987,0.01075298508547
988,0.01095374167712
989,0.01095775368235
990,0.01076467378114
991,0.01094333715016
992,0.01094864866192
993,0.01092737151945
994,0.01090399049295
995,0.01090743553257
996,0.01090867992263
997,0.01090746941055
998,0.01090006407564
999,0.01089377121762
1000,0.01089355447208
1001,0.01089660462962
1002,0.01090155595077
1003,0.01091028253001
1004,0.01092000394638
1005,0.0109244507691
1006,0.01092348073164
1007,0.01092085270026
1008,0.0109187982101
1009,0.01091682947791
1010,0.01091505740471
1011,0.01091690138904
1012,0.01092102879834
1013,0.01092258112365
1014,0.01092126940119
1015,0.01092091162897
1016,0.01092283328247
1017,0.01092546057101
1018,0.01092924070369
1019,0.01093476620927
1020,0.01094003045681
1021,0.010941848241
1022,0.01094143946542
1023,0.01094140081054
1024,0.01094223118442
1025,0.01094277220161
1026,0.01094402106945
1027,0.01094725845749
1028,0.01095123568482
1029,0.01095412057484
1030,0.01095644817616
1031,0.01095865743386
1032,0.01096066125988
1033,0.01096252038277
1034,0.01096628944041
1035,0.01097208354395
1036,0.01097678462574
1037,0.01097838983483
1038,0.01097906143902
1039,0.01098027454082
1040,0.01098176419152
1041,0.01098272189173
1042,0.01098418754489
1043,0.01098630746102
1044,0.01098800819136
1045,0.01098909586841
1046,0.01099120827752
1047,0.01099457930455
1048,0.01099753152366
1049,0.01099979687961
1050,0.01100244087013
1051,0.01100678626509
1052,0.01101065628505
1053,0.01101388412659
1054,0.01101720202038
1055,0.01102090091079
1056,0.01102270926216
1057,0.01102546464905
1058,0.01102954114052
1059,0.01103347763835
1060,0.01103524627841
1061,0.01103665999712
1062,0.01103805800014
1063,0.01103979041456
1064,0.01104129992764
1065,0.0110431027794
1066,0.01104577722399
1067,0.01104873016218
1068,0.01105118370533
1069,0.01105353769382
1070,0.01105617471442
1071,0.01105896519938
1072,0.01106184734336
1073,0.01106547237499
1074,0.01106963405157
1075,0.01107318845331
1076,0.01107570683321
1077,0.01107799425011
1078,0.01108044058178
1079,0.01108274875001
1080,0.01108507564201
1081,0.01108858876134
1082,0.01109289367958
1083,0.01109620038628
1084,0.01109825671616
1085,0.01110024600716
1086,0.01110268501347
1087,0.01110520651925
1088,0.01110802668816
1089,0.01111163002709
1090,0.01111542690271
1091,0.01111827010534
1092,0.01112060387999
1093,0.01112323724194
1094,0.01112624624281
1095,0.01112929173197
1096,0.01113287125212
1097,0.01113728596768
1098,0.01114142600639
1099,0.01114428394936
1100,0.01114655649772
1101,0.0111490739185
1102,0.01115184343601
1103,0.01115460485882
1104,0.01115820520304
1105,0.01116253484298
1106,0.01116620639327
1107,0.01116888259992
1108,0.01117158097281
1109,0.01117479296263
1110,0.01117794444634
1111,0.01118112000402
1112,0.01118534810779
1113,0.0111901241487
1114,0.01119353549366
1115,0.01119543918403
1116,0.01119772827783
1117,0.01120084909984
1118,0.01120402960741
1119,0.01120720684499
1120,0.01121069432821
1121,0.01121401017897
1122,0.01121677894844
1123,0.01121946381465
1124,0.01122288778152
1125,0.0112266745037
1126,0.01123022391117
1127,0.01123397877635
1128,0.01123813064781
1129,0.01124240493717
1130,0.01124518734318
1131,0.01124746676417
1132,0.01124976925667
1133,0.01125214999806
1134,0.01125445435331
1135,0.01125770506908
1136,0.01126195013651
1137,0.01126570188344
1138,0.01126846365728
1139,0.01127131295721
1140,0.01127476453307
1141,0.01127840043546
1142,0.01128219564125
1143,0.01128641090033
1144,0.01129073040313
1145,0.01129436755695
1146,0.01129758435417
1147,0.01130082433074
1148,0.01130415766636
1149,0.01130738182542
1150,0.01131086518563
1151,0.01131444139661
1152,0.01131791818178
1153,0.01132045511336
1154,0.01132263573153
1155,0.01132523623248
1156,0.01132826702872
1157,0.01133147000405
1158,0.011335177052
1159,0.01133926595078
1160,0.01134290881822
1161,0.01134557421496
1162,0.01134793891864
1163,0.01135053789411
1164,0.01135337463584
1165,0.01135643308013
1166,0.0113600763478
1167,0.0113639289883
1168,0.0113671349009
1169,0.01136977642147
1170,0.01137252089265
1171,0.0113756445372
1172,0.01137880693023
1173,0.01138208437178
1174,0.01138564609803
1175,0.01138912554919
1176,0.01139208507255
1177,0.01139484064362
1178,0.01139786699947
1179,0.01140106762203
1180,0.01140411462653
1181,0.01140734505789
1182,0.01141092512567
1183,0.01141450316617
1184,0.01141786040805
1185,0.01142122775442
1186,0.01142467105735
1187,0.01142790671296
1188,0.01143108779859
1189,0.01143469066565
1190,0.01143856768421
1191,0.01144200599547
1192,0.01144488441947
1193,0.01144793829462
1194,0.011451369228
1195,0.01145484878832
1196,0.01145869682692
1197,0.01146307481093
1198,0.01146709625197
1199,0.01146973863123
1200,0.01147198594763
1201,0.01147515321536
1202,0.01147930292122
1203,0.01148402025025
1204,0.01148945169216
1205,0.01149492759084
1206,0.01149901470518
1207,0.0115010816793
1208,0.01150245648593
1209,0.01150425354878
1210,0.01150662786162
1211,0.01150937587763
1212,0.01151310965839
1213,0.01151753904892
1214,0.01152140580125
1215,0.01152459752902
1216,0.01152794919323
1217,0.01153166172679
1218,0.01153518155762
1219,0.01153880020489
1220,0.01154293002679
1221,0.01154702228577
1222,0.01155013210967
1223,0.01155291910371
1224,0.01155630281539
1225,0.01156024167912
1226,0.01156425435681
1227,0.0115684998447
1228,0.01157278795072
1229,0.0115766915532
1230,0.01158008268997
1231,0.01158357382049
1232,0.0115873329161
1233,0.01159099303545
1234,0.01159465183706
1235,0.01159873038644
1236,0.01160291309661
1237,0.01160651872465
1238,0.01160966857353
1239,0.01161276526853
1240,0.0116160218218
1241,0.01161948921891
1242,0.0116239485249
1243,0.01162973231756
1244,0.0116353596673
1245,0.01163926020818
1246,0.01164200975489
1247,0.01164454521289
1248,0.01164745877274
1249,0.01165070778374
1250,0.01165472073445
1251,0.01165939507836
1252,0.01166366246075
1253,0.01166723643858
1254,0.01167079596523
1255,0.01167470267692
1256,0.01167870889082
1257,0.01168276791047
1258,0.0116870804681
1259,0.01169133892043
1260,0.01169519595096
1261,0.0116991486844
1262,0.01170362116114
1263,0.01170822492867
1264,0.01171236973769
1265,0.01171637665825
1266,0.01172046793588
1267,0.01172432265076
1268,0.01172757071874
1269,0.01173068187402
1270,0.01173405862262
1271,0.01173787649612
1272,0.01174219085005
1273,0.01174718956504
1274,0.01175228418109
1275,0.01175647149158
1276,0.01175995998055
1277,0.0117635031718
1278,0.01176735956981
1279,0.01177127629566
1280,0.01177556611622
1281,0.01178042692656
1282,0.01178520158782
1283,0.01178907021642
1284,0.01179257180476
1285,0.01179637191914
1286,0.01180050378488
1287,0.01180467842033
1288,0.0118090529275
1289,0.0118136055033
1290,0.01181799300574
1291,0.01182227683311
1292,0.01182654611059
1293,0.01183079138705
1294,0.01183484907988
1295,0.01183905386084
1296,0.01184383150579
1297,0.01184864249923
1298,0.01185270483869
1299,0.01185650760404
1300,0.01186064171817
1301,0.01186538574667
1302,0.0118700681161
1303,0.01187485572393
1304,0.01187974953357
1305,0.0118843776466
1306,0.01188860350935
1307,0.01189291994205
1308,0.01189748392629
1309,0.01190199635634
1310,0.0119063966533
1311,0.01191099540499
1312,0.01191582394208
1313,0.01192076242161
1314,0.01192587827375
1315,0.01193114266074
1316,0.01193635829503
1317,0.01194119362867
1318,0.01194579961879
1319,0.01195030863435
1320,0.01195477591503
1321,0.01195917424921
1322,0.0119637678944
1323,0.01196860517076
1324,0.01197349459976
1325,0.01197851395886
1326,0.01198399265449
1327,0.01198969671214
1328,0.01199509067777
1329,0.01200028805528
1330,0.01200532280395
1331,0.0120100649871
1332,0.01201452523605
1333,0.01201923291794
1334,0.01202446515899
1335,0.01202957171864
1336,0.01203409761031
1337,0.01203846851626
1338,0.01204306861487
1339,0.01204776440372
1340,0.01205248113866
1341,0.01205758932581
1342,0.01206298343512
1343,0.01206807085046
1344,0.01207301912358
1345,0.01207820661108
1346,0.01208351637124
1347,0.01208863694531
1348,0.01209386348891
1349,0.0120993871469
1350,0.01210467410228
1351,0.01210934016343
1352,0.01211399304359
1353,0.01211895142275
1354,0.0121239909136
1355,0.012129024341
1356,0.01213443678594
1357,0.01213995720579
1358,0.0121449572752
1359,0.01214958926294
1360,0.01215438890957
1361,0.01215963315657
1362,0.01216535857828
1363,0.01217181949484
1364,0.01217867132283
1365,0.01218489545424
1366,0.01219005367695
1367,0.0121945250683
1368,0.01219847069117
1369,0.01220205552314
1370,0.01220551086591
1371,0.01221027889973
1372,0.01221615247297
1373,0.01222161846139
1374,0.01222662132651
1375,0.01223179958604
1376,0.0122372826142
1377,0.01224269226249
1378,0.01224835436196
1379,0.01225466720342
1380,0.01226135717832
1381,0.0122681692918
1382,0.01227475408362
1383,0.0122808092361
1384,0.0122861474952
1385,0.0122911752141
1386,0.01229634421736
1387,0.0123014547066
1388,0.01230580849562
1389,0.01230965230707
1390,0.01231386127008
1391,0.01231871045666
1392,0.01232401884038
1393,0.01233019081142
1394,0.0123369081597
1395,0.01234279891425
1396,0.01234733323864
1397,0.01235180142861
1398,0.01235672021885
1399,0.01236168310533
1400,0.0123666494322
1401,0.01237233899718
1402,0.01237839883757
1403,0.01238403035466
1404,0.01238932138001
1405,0.01239462036333
1406,0.01239994486302
1407,0.01240508893695
1408,0.01241065142991
1409,0.01241666757276
1410,0.0124223520074
1411,0.0124275820563
1412,0.0124329355699
1413,0.0124385442372
1414,0.01244421141871
1415,0.01245020951722
1416,0.01245661860581
1417,0.01246258777051
1418,0.01246720663575
1419,0.01247123106977
1420,0.01247567413581
1421,0.01248074920136
1422,0.01248617627925
1423,0.01249207243114
1424,0.0124981293613
1425,0.01250383541029
1426,0.01250935875247
1427,0.01251528015709
1428,0.01252155221257
1429,0.01252776964897
1430,0.01253414418507
1431,0.01254039240223
1432,0.01254589430912
1433,0.0125504936516
1434,0.01255530255797
1435,0.0125609010962
1436,0.01256702491292
1437,0.01257360765182
1438,0.0125805359696
1439,0.01258707631373
1440,0.01259235248053
1441,0.01259698189318
1442,0.01260186126883
1443,0.0126071395186
1444,0.01261242187683
1445,0.01261827686042
1446,0.01262485838481
1447,0.01263110725107
1448,0.01263650036929
1449,0.01264186052836
1450,0.01264763081229
1451,0.0126534747544
1452,0.01265937164096
1453,0.01266560829596
1454,0.01267170538631
1455,0.01267720070279
1456,0.01268271429464
1457,0.01268864374378
1458,0.01269466026826
1459,0.0127007009322
1460,0.01270732171803
1461,0.01271418750663
1462,0.01272020611044
1463,0.01272535914214
1464,0.01273044291483
1465,0.01273578873035
1466,0.01274123946228
1467,0.01274709126593
1468,0.01275366053499
1469,0.01276012892223
1470,0.012766022889
1471,0.01277178554302
1472,0.01277776616549
1473,0.01278373570891
1474,0.01279575291254
1475,0.01280222096842
1476,0.01280813646151
1477,0.0128128280969
1478,0.01281774957051
1479,0.01282413891392
1480,0.01283156114741
1481,0.01283874273719
1482,0.01284551602852
1483,0.01285167636111
1484,0.0128571661801
1485,0.01286260405497
1486,0.01286887154687
1487,0.0128755538702
1488,0.0128817090434
1489,0.01288782207255
1490,0.0128942336012
1491,0.01290042623139
1492,0.01290562145973
1493,0.01291060216618
1494,0.01291601754318
1495,0.01292168579291
1496,0.01292772196373
1497,0.01293470774757
1498,0.01294214111072
1499,0.01294908224737
1500,0.01295590499895
1501,0.01296308057907
1502,0.01297029454818
1503,0.01297718351598
1504,0.01298380485872
1505,0.01298980270939
1506,0.01299490430084
1507,0.01299945327837
1508,0.01300467309628
1509,0.01301078632915
1510,0.01301714135806
1511,0.01302391266654
1512,0.0130310798406
1513,0.0130378599817
1514,0.01304384358373
1515,0.01304985760462
1516,0.01305652840743
1517,0.01306359236673
1518,0.01307060937139
1519,0.01307709855288
1520,0.01308252668881
1521,0.01308696359559
1522,0.01309177295618
1523,0.01309783192954
1524,0.01310460753378
1525,0.0131117868393
1526,0.01312001754175
1527,0.0131284878673
1528,0.01313540817404
1529,0.01314119450685
1530,0.01314734633173
1531,0.01315458071303
1532,0.01316220344603
1533,0.01316873685435
1534,0.01317352343416
1535,0.01317725019574
1536,0.01318140806186
1537,0.01318715292157
1538,0.01319430220717
1539,0.01320165101981
1540,0.01320932346083
1541,0.01321772808653
1542,0.01322020619472
1543,0.01322581672675
1544,0.01323088270287
1545,0.01323652482618
1546,0.01324286851303
1547,0.01324945375764
1548,0.0132562579042
1549,0.01326269601257
1550,0.01326822519827
1551,0.01327390416325
1552,0.01328068029201
1553,0.01328771559652
1554,0.01329421615507
1555,0.01330090740909
1556,0.01330779293826
1557,0.01331405582171
1558,0.01331993849839
1559,0.01332644103009
1560,0.0133334420401
1561,0.01334014934177
1562,0.01334656298986
1563,0.01335268738792
1564,0.01335831705554
1565,0.01336356903592
1566,0.01336969653433
1567,0.01337686296784
1568,0.0133839429784
1569,0.01339119139052
1570,0.01339850155599
1571,0.01340541101497
1572,0.01341115322758
1573,0.01341678440038
1574,0.01342297951599
1575,0.01342945220684
1576,0.01343680839548
1577,0.01344550149761
1578,0.01345395375539
1579,0.01346026393066
1580,0.01346553330508
1581,0.0134712709632
1582,0.01347749284241
1583,0.01348344240168
1584,0.01348964814679
1585,0.01349604037563
1586,0.01350192913906
1587,0.01350771859852
1588,0.01351436339854
1589,0.01352195622232
1590,0.01352977755916
1591,0.01353760495789
1592,0.01354506141062
1593,0.01355167621771
1594,0.01355764740349
1595,0.01356363119954
1596,0.01356968640118
1597,0.01357569436009
1598,0.01358271177282
1599,0.0135908568686
1600,0.0135994373679
1601,0.01360815844244
1602,0.01361631380153
1603,0.01362428388261
1604,0.01363246083825
1605,0.01364128171778
1606,0.01364999319949
1607,0.01365737555171
1608,0.01366277037366
1609,0.01366798008992
1610,0.01367446426484
1611,0.01368193057031
1612,0.01369012031707
1613,0.01369897386868
1614,0.01370739193186
1615,0.0137147392616
1616,0.01372220187081
1617,0.01373079400791
1618,0.01373942470272
1619,0.0137478560084
1620,0.01375695867506
1621,0.01376651534881
1622,0.01377526952806
1623,0.01378247086784
1624,0.01378806002234
1625,0.01379287112365
1626,0.01379841164186
1627,0.01380661384356
1628,0.01381675225207
1629,0.01382598405238
1630,0.01383390634131
1631,0.01384197181757
1632,0.01385069403862
1633,0.01385952113308
1634,0.01386805508315
1635,0.01387605412104
1636,0.01388325888549
1637,0.01389067035551
1638,0.01389904542447
1639,0.01390786629343
1640,0.01391620904561
1641,0.01392449301381
1642,0.01393280143067
1643,0.01394026711361
1644,0.01394678362716
1645,0.01395361553616
1646,0.01396082542343
1647,0.01396761687398
1648,0.01397528934403
1649,0.01398492302275
1650,0.01399557428972
1651,0.01400542479871
1652,0.01401338305987
1653,0.01401983506103
1654,0.01402618535216
1655,0.01403379665203
1656,0.0140425966191
1657,0.01405078526861
1658,0.01405784635755
1659,0.01406545380244
1660,0.014074405766
1661,0.01408408509732
1662,0.01409357392059
1663,0.0141029814155
1664,0.01411126141364
1665,0.01411827809074
1666,0.014125411784
1667,0.01413333950282
1668,0.01414143124918
1669,0.01415008080436
1670,0.01415997872062
1671,0.0141700504417
1672,0.01417833955274
1673,0.01420788895441
1674,0.01421137359479
1675,0.01421404660414
1676,0.01421938896971
1677,0.01422801716853
1678,0.01423730431534
1679,0.01424449198632
1680,0.0142508980015
1681,0.01425850794787
1682,0.01426696275416
1683,0.01427499462216
1684,0.01428256065318
1685,0.0142894372536
1686,0.01429575468711
1687,0.01430287576106
1688,0.01431104218717
1689,0.01431865969219
1690,0.01432602688394
1691,0.01433593796296
1692,0.01434715014925
1693,0.01435670112752
1694,0.01436615569307
1695,0.01437781416237
1696,0.01439023836031
1697,0.01440221180777
1698,0.01441471707556
1699,0.01442797078454
1700,0.0144400793581
1701,0.01444831726726
1702,0.01445160731475
1703,0.01445516374776
1704,0.01446145255506
1705,0.01446801038929
1706,0.01447161399725
1707,0.014471204858
1708,0.01447187619048
1709,0.01447701225453
1710,0.01448498471357
1711,0.01449291515101
1712,0.01450161364845
1713,0.01451006458915
1714,0.01451594795662
1715,0.01452080985335
1716,0.01452702768682
1717,0.01453416728825
1718,0.01454199318419
1719,0.01455182317171
1720,0.01456215303547
1721,0.01457012082463
1722,0.01457642012988
1723,0.01458302514771
1724,0.01459013937187
1725,0.01459759310503
1726,0.01460699278431
1727,0.01461679192342
1728,0.01462405028673
1729,0.01463001564562
1730,0.01463734890076
1731,0.01464625537312
1732,0.0146563000543
1733,0.01466654297531
1734,0.01467719778226
1735,0.01468471906698
1736,0.01469111996376
1737,0.01469897713671
1738,0.01470746838514
1739,0.01471626059504
1740,0.0147268687932
1741,0.01473732354931
1742,0.01474444822632
1743,0.01475049245893
1744,0.01475761881894
1745,0.01476512133777
1746,0.01477306752101
1747,0.01478368664426
1748,0.0147949895202
1749,0.01480341987809
1750,0.01481035301555
1751,0.01481742146362
1752,0.01482438976871
1753,0.01483192270793
1754,0.01484169995595
1755,0.0148514904443
1756,0.01485823776436
1757,0.01486389090563
1758,0.0148703821904
1759,0.01487753975072
1760,0.01488573390032
1761,0.01489693431528
1762,0.01490785135583
1763,0.01491529873734
1764,0.01492167608577
1765,0.0149290193285
1766,0.01493673797132
1767,0.01494603153611
1768,0.01495829429752
1769,0.01496968771286
1770,0.01497711574783
1771,0.01498442629936
1772,0.01499348934262
1773,0.01500189411884
1774,0.01501102719168
1775,0.01502240585331
1776,0.01503231837569
1777,0.01503734206456
1778,0.01504125108402
1779,0.01504732397268
1780,0.01505541535181
1781,0.01506580943532
1782,0.01507845953895
1783,0.01508983755653
1784,0.01509900871991
1785,0.01510762079595
1786,0.01511574544754
1787,0.01512222838941
1788,0.01512995766153
1789,0.01514044273718
1790,0.01514975721917
1791,0.01515683514982
1792,0.01516351181554
1793,0.01517028803376
1794,0.01517628320104
1795,0.01518462767591
1796,0.01519570203685
1797,0.01520493392956
1798,0.01521219902315
1799,0.01522024465334
1800,0.03783106048345
1801,0.03783101829048
1802,0.03783191831589
1803,0.03783331875648
1804,0.03783347730781
1805,0.03783313102601
1806,0.03783359072865
1807,0.03783407376435
1808,0.03783444530099
1809,0.03783624840556
1810,0.03783811789544
1811,0.0378371080062
1812,0.03783463755859
1813,0.03783282543152
1814,0.03783204204507
1815,0.03783262272263
1816,0.0378351060222
1817,0.03783685875528
1818,0.03783561125131
1819,0.03783388493872
1820,0.03783350352205
1821,0.0378336624242
1822,0.03783422102585
1823,0.03783538261732
1824,0.03783589413758
1825,0.03783498671714
1826,0.03783444005946
1827,0.03783499324553
1828,0.03783626970115
1829,0.03783913294021
1830,0.0378426484851
1831,0.03784295172915
1832,0.03784007375482
1833,0.03783848174694
1834,0.03783857924983
1835,0.03783761226223
1836,0.03783667029513
1837,0.03783655171116
1838,0.03783604866769
1839,0.03783527638097
1840,0.03783548595303
1841,0.03783595941675
1842,0.03783643638316
1843,0.03783754401537
1844,0.03783832575722
1845,0.03783706176782
1846,0.03783518020313
1847,0.03783427714085
1848,0.03783424920351
1849,0.03783569923631
1850,0.03783924199684
1851,0.03784142212868
1852,0.03783986130565
1853,0.03783793548281
1854,0.03783799532224
1855,0.03783947518964
1856,0.03784430665651
1857,0.03785158181193
1858,0.0378543155537
1859,0.0378502024178
1860,0.0378455528805
1861,0.03784300343797
1862,0.03784201462083
1863,0.03784829554352
1864,0.03785835520948
1865,0.03785862780739
1866,0.03785112649508
1867,0.03784735193629
1868,0.03784916732476
1869,0.0378563899892
1870,0.03787352436302
1871,0.03788902900626
1872,0.03788794798687
1873,0.03788276539742
1874,0.03788263400858
1875,0.03787901121947
1876,0.03787432518328
1877,0.03788300454114
1878,0.03789179911616
1879,0.03788469568838
1880,0.03786833457247
1881,0.03785810435659
1882,0.03785473622895
1883,0.03786173807741
1884,0.0378722267815
1885,0.03787371669371
1886,0.03786401756277
1887,0.03785489079778
1888,0.03785279299423
1889,0.03785300351978
1890,0.03785710806028
1891,0.0378596844524
1892,0.03785782578057
1893,0.03786228068213
1894,0.03786287132368
1895,0.03786251124994
1896,0.03786613776064
1897,0.03785913158656
1898,0.03785110331448
1899,0.03785119961923
1900,0.03784931163293
1901,0.03785141725461
1902,0.03785540164329
1903,0.0378539262537
1904,0.0378571072232
1905,0.03785961183777
1906,0.03785434090359
1907,0.0378506380071
1908,0.03784858576507
1909,0.03784616343501
1910,0.03784652926446
1911,0.03784582282502
1912,0.03784462669216
1913,0.03784495169595
1914,0.03784380079875
1915,0.03784306708539
1916,0.03784360269193
1917,0.03784390493619
1918,0.03784476472991
1919,0.03784506040184
1920,0.03784438483206
1921,0.03784522210701
1922,0.03784544629106
1923,0.03784467361308
1924,0.03784510242966
1925,0.03784480010537
1926,0.03784479073938
1927,0.03784571612539
1928,0.03784455862812
1929,0.03784300029293
1930,0.03784270129887
1931,0.03784186368381
1932,0.03784180032042
1933,0.03784234018563
1934,0.0378430557432
1935,0.03784585555532
1936,0.0378474075793
1937,0.03784759441577
1938,0.03784801814885
1939,0.03784670531873
1940,0.03784491146916
1941,0.03784475768888
1942,0.03784413182611
1943,0.03784352584373
1944,0.03784354568676
1945,0.03784369382861
1946,0.03784556006752
1947,0.03784674469677
1948,0.03784655829666
1949,0.03784790345397
1950,0.03784829358531
1951,0.03784700759714
1952,0.03784628889887
1953,0.0378453723789
1954,0.03784552598099
1955,0.03784667084607
1956,0.03784595001632
1957,0.03784615255611
1958,0.0378468953652
1959,0.03784595720768
1960,0.0378457823949
1961,0.03784599650083
1962,0.0378455045344
1963,0.03784558695293
1964,0.03784554409549
1965,0.03784547650037
1966,0.03784572267366
1967,0.03784545828234
1968,0.03784567681575
1969,0.03784605731836
1970,0.03784588751606
1971,0.03784969074239
1972,0.0378500930449
1973,0.03785021409929
1974,0.03785141691084
1975,0.03785187758686
1976,0.03785185986432
1977,0.03785240500197
1978,0.03785201890185
1979,0.03785129643566
1980,0.03785072998187
1981,0.03785043801054
1982,0.03785168540319
1983,0.03785291151314
1984,0.03785425613239
1985,0.03785639521312
1986,0.03785585994794
1987,0.0378542396742
1988,0.03785449196954
1989,0.03785374435923
1990,0.0378533492146
1991,0.03785359974287
1992,0.03785339871174
1993,0.0378545214403
1994,0.0378549850257
1995,0.03785564790879
1996,0.03786016906468
1997,0.03786210264135
1998,0.03786226385491
1999,0.03786247758146
2000,0.03786064230698
2001,0.03785923740309
2002,0.03785772421984
2003,0.03785487978343
2004,0.03785552008017
2005,0.03785775167775
2006,0.03785896193833
2007,0.03785966085853
2008,0.03785941117395
2009,0.03786036966546
2010,0.03786243138898
2011,0.03786233377678
2012,0.0378642766336
2013,0.03786607301935
2014,0.03786579484926
2015,0.03786662800178
2016,0.03786503046231
2017,0.0378716406408
2018,0.03788642358611
2019,0.03788425762539
2020,0.03787595234145
2021,0.03786933504668
2022,0.03786089143988
2023,0.03786208685666
2024,0.03786486166582
2025,0.03786442232829
2026,0.03786775268234
2027,0.03791651751709
2028,0.03792162599525
2029,0.03791296220341
2030,0.03790008012424
2031,0.03789781783077
2032,0.03789750287044
2033,0.03789717253699
2034,0.03790158210853
2035,0.03789766799604
2036,0.03788704321664
2037,0.03788229082298
2038,0.03788003059317
2039,0.03788095576304
2040,0.03788243096158
2041,0.03788198258045
2042,0.03788261652754
2043,0.03788240284379
2044,0.03787969816489
2045,0.0378747080352
2046,0.03786791945445
2047,0.03786478049274
2048,0.03786260739886
2049,0.03786072402404
2050,0.03786590719968
2051,0.03786796216634
2052,0.03787196148088
2053,0.03788908804276
2054,0.03790111249286
2055,0.03790973677313
2056,0.03790828237727
2057,0.03788969667586
2058,0.03787962116338
2059,0.03787692041339
2060,0.03787205819266
2061,0.03786777658416
2062,0.03786102130451
2063,0.03785893701359
2064,0.03786213558202
2065,0.03786737389492
2066,0.03788404943559
2067,0.03789513483325
2068,0.03789255322614
2069,0.03788620594581
2070,0.03787844008297
2071,0.03787879498483
2072,0.0378859451516
2073,0.03788611925082
2074,0.03788310277641
2075,0.03788030770887
2076,0.03787982920541
2077,0.03788096926457
2078,0.03787479424882
2079,0.03786802675178
2080,0.03786447487348
2081,0.03786468443999
2082,0.03787258395855
2083,0.03787307639556
2084,0.03786771370076
2085,0.0378793170402
2086,0.03790278994995
2087,0.03791375054462
2088,0.03790747491259
2089,0.03789800351616
2090,0.03789171877947
2091,0.03787692372542
2092,0.03786492794281
2093,0.03786779249622
2094,0.03786820820007
2095,0.03787092129637
2096,0.03787878772309
2097,0.03788304041692
2098,0.03788405496664
2099,0.03788027491932
2100,0.03788050400464
2101,0.03788137573425
2102,0.03787394545658
2103,0.03787486027752
2104,0.03788078363117
2105,0.03788408621775
2106,0.0379019959052
2107,0.03792583945942
2108,0.03792679130648
2109,0.03790262873669
2110,0.03788217357559
2111,0.03788334304142
2112,0.03788431072929
2113,0.03788572665802
2114,0.03789835650243
2115,0.03791105395134
2116,0.03792396600015
2117,0.03792686233383
2118,0.03789348746287
2119,0.03788383041609
2120,0.03787549275942
2121,0.03787367894508
2122,0.03787789269572
2123,0.0378768347701
2124,0.03788645301756
2125,0.03788644791585
2126,0.03790651620261
2127,0.0379719178258
2128,0.03800344868345
2129,0.03801136725106
2130,0.03798854268659
2131,0.03791606182793
2132,0.0378891757132
2133,0.03788340705314
2134,0.03787982436522
2135,0.03788265869796
2136,0.03787407052424
2137,0.03787412974563
2138,0.03787646401052
2139,0.03787849147306
2140,0.03788529761605
2141,0.03787888365426
2142,0.03790330983061
2143,0.03793978841828
2144,0.03796685820516
2145,0.03798494210252
2146,0.03794815074274
2147,0.03790709229871
2148,0.0379133417605
2149,0.03791235350757
2150,0.03790843670113
2151,0.03790696332685
2152,0.03790025192116
2153,0.03789415081321
2154,0.0378895613302
2155,0.03789331498492
2156,0.03789675981026
2157,0.03789677905641
2158,0.03790401527054
2159,0.03790939155541
2160,0.03791406443225
2161,0.03791648176438
2162,0.03791222103772
2163,0.03791246383245
2164,0.03791496540655
2165,0.03791888257624
2166,0.03791746086124
2167,0.03790534123319
2168,0.03790026616114
2169,0.03789806710545
2170,0.03789459593451
2171,0.03789454819843
2172,0.03789368121755
2173,0.0379009784361
2174,0.03790750153549
2175,0.03790766493316
2176,0.03790681496457
2177,0.03790194894224
2178,0.03790306023028
2179,0.03790747720946
2180,0.03790613905615
2181,0.03790509152667
2182,0.03789961909267
2183,0.03789450855911
2184,0.03789425608999
2185,0.03789033147791
2186,0.03788873041902
2187,0.03788613318071
2188,0.0378810830472
2189,0.03787768756259
2190,0.03787400817854
2191,0.03786393099039
2192,0.03786198740419
2193,0.03786240289181
2194,0.03786737122622
2195,0.03786923017607
2196,0.03787004703575
2197,0.0378658398408
2198,0.0378592029552
2199,0.03785960552391
2200,0.03786420222314
2201,0.03787263601932
2202,0.03787790097106
2203,0.03788146563446
2204,0.03788795822387
2205,0.03788753427886
2206,0.03788963352053
2207,0.03789511964446
2208,0.03790041388765
2209,0.0379055805861
2210,0.03790570764808
2211,0.03790807306909
2212,0.03790302362767
2213,0.03788732628149
2214,0.03787845273862
2215,0.03787760917756
2216,0.03788629217476
2217,0.0378953321767
2218,0.03789560347248
2219,0.03789196739831
2220,0.03788221599933
2221,0.03787566493143
2222,0.03787443010419
2223,0.03787048934397
2224,0.03786888233853
2225,0.03786454382581
2226,0.03786209977121
2227,0.03786740906408
2228,0.03787934556574
2229,0.03789515383734
2230,0.03790732059006
2231,0.03792107662011
2232,0.03792661923916
2233,0.03792206764992
2234,0.03791980235427
2235,0.03790740031624
2236,0.03789016873377
2237,0.03787980869882
2238,0.03787393786918
2239,0.0378757442588
2240,0.03787566880453
2241,0.03787648545647
2242,0.03787915129551
2243,0.03787972867285
2244,0.03787987643151
2245,0.03787086713959
2246,0.03786368147145
2247,0.03786357338996
2248,0.03786590780435
2249,0.03787214421381
2250,0.03786725090943
2251,0.03785941357282
2252,0.03785996984914
2253,0.0378641022509
2254,0.0378688115521
2255,0.03787137437044
2256,0.03787712710168
2257,0.03788167206639
2258,0.03788122289637
2259,0.03788069113613
2260,0.03788114167602
2261,0.03788339392566
2262,0.0378844929315
2263,0.03788326141842
2264,0.03787886724804
2265,0.0378697357989
2266,0.03786420311419
2267,0.03786296342246
2268,0.03786412720458
2269,0.03786692085019
2270,0.03786741133488
2271,0.0378686532177
2272,0.0378714158611
2273,0.03787544814722
2274,0.03787827121509
2275,0.03788296727624
2276,0.03789401952219
2277,0.03790441182924
2278,0.03791744704886
2279,0.03793131517331
2280,0.03794402483278
2281,0.03795777379905
2282,0.03796805313335
2283,0.03797399215372
2284,0.03796517862353
2285,0.03794174313258
2286,0.03792171996097
2287,0.03790112294164
2288,0.03788581961692
2289,0.03787668318159
2290,0.03786930104807
2291,0.03786656806152
2292,0.03786763828924
2293,0.03787279293393
2294,0.03787614774235
2295,0.03787842439638
2296,0.03788042933715
2297,0.03788156872058
2298,0.03788312495016
2299,0.03788247551509
2300,0.03788676396289
2301,0.0378997316627
2302,0.03791016659523
2303,0.03791822719448
2304,0.0379174113762
2305,0.03791805372982
2306,0.03792318482928
2307,0.03793213107642
2308,0.03794349234428
2309,0.03795326984674
2310,0.03796506212336
2311,0.03797794877336
2312,0.0379927399409
2313,0.0380052199061
2314,0.03801791855464
2315,0.03803596517093
2316,0.03804904051232
2317,0.03806341092224
2318,0.03808021636856
2319,0.03809725714951
2320,0.03811122275811
2321,0.03811661827701
2322,0.03812118826803
2323,0.03812554902132
2324,0.03813647145144
2325,0.03814839735642
2326,0.03815568382608
2327,0.03816620688639
2328,0.03818002248745
2329,0.03820235746393
2330,0.03821573688786
2331,0.03822473498035
2332,0.03823715442153
2333,0.03823841970268
2334,0.03824102822219
2335,0.03824836717564
2336,0.03826070673406
2337,0.03827742333323
2338,0.03830464755663
2339,0.03833668318481
2340,0.03835661266233
2341,0.03837061076277
2342,0.03837406576497
2343,0.03836976554176
2344,0.03836877479893
2345,0.0383766833768
2346,0.03839588617672
2347,0.0384044128029
2348,0.03841325756597
2349,0.03841888949226
2350,0.03841997276766
2351,0.03843157480171
2352,0.03844317062369
2353,0.03845511777291
2354,0.03846625187588
2355,0.03848139215439
2356,0.03849718959898
2357,0.03851545175109
2358,0.03853545394594
2359,0.03855037315751
2360,0.03857344563271
2361,0.03859761385606
2362,0.03862362987028
2363,0.03864235563462
2364,0.03864517530962
2365,0.03864501149622
2366,0.03864082112091
2367,0.03864183324303
2368,0.03865029742916
2369,0.03867349523947
2370,0.03870749282531
2371,0.03874564568441
2372,0.03878191842469
2373,0.03879738387485
2374,0.03881002045757
2375,0.03883317050517
2376,0.03886682049921
2377,0.03889260304258
2378,0.03890636448928
2379,0.03892154810213
2380,0.03893332619835
2381,0.03894824234403
2382,0.03894966666273
2383,0.03893876129742
2384,0.03893830234319
2385,0.03894611579053
2386,0.03896387210614
2387,0.03898823989239
2388,0.03901826403807
2389,0.03903585969519
2390,0.03904567016784
2391,0.03904413443486
2392,0.0390345083494
2393,0.03903946464
2394,0.03906297369016
2395,0.03910519681776
2396,0.03914136900016
2397,0.03917534748225
2398,0.03920570379637
2399,0.03922467081705
2400,0.03924755103028
2401,0.03924755103028
2402,0.03924755103028
2403,0.03924755103028
2404,0.03924755103028
2405,0.03924755103028
2406,0.03924755103028
2407,0.03924755103028
2408,0.03924755103028
2409,0.03924755103028
2410,0.03924755103028
2411,0.03924755103028
2412,0.03924755103028
2413,0.03924755103028
2414,0.03924755103028
2415,0.03924755103028
2416,0.03924755103028
2417,0.03924755103028
2418,0.03924755103028
2419,0.03924755103028
2420,0.03924755103028
2421,0.03924755103028
2422,0.03924755103028
2423,0.03924755103028
2424,0.03924755103028
2425,0.03924755103028
2426,0.03924755103028
2427,0.03924755103028
2428,0.03924755103028
2429,0.03924755103028
2430,0.03924755103028
2431,0.03924755103028
2432,0.03924755103028
2433,0.03924755103028
2434,0.03924755103028
2435,0.03924755103028
2436,0.03924755103028
2437,0.03924755103028
2438,0.03924755103028
2439,0.03924755103028
2440,0.03924755103028
2441,0.03924755103028
2442,0.03924755103028
2443,0.03924755103028
2444,0.03924755103028
2445,0.03924755103028
2446,0.03924755103028
2447,0.03924755103028
2448,0.03924755103028
2449,0.03924755103028
2450,0.03924755103028
2451,0.03924755103028
2452,0.03924755103028
2453,0.03924755103028
2454,0.03924755103028
2455,0.03924755103028
2456,0.03924755103028
2457,0.03924755103028
2458,0.03924755103028
2459,0.03924755103028
2460,0.03924755103028
2461,0.03924755103028
2462,0.03924755103028
2463,0.03924755103028
2464,0.03924755103028
2465,0.03924755103028
2466,0.03924755103028
2467,0.03924755103028
2468,0.03924755103028
2469,0.03924755103028
2470,0.03924755103028
2471,0.03924755103028
2472,0.03924755103028
2473,0.03924755103028
2474,0.03924755103028
2475,0.03924755103028
2476,0.03924755103028
2477,0.03924755103028
2478,0.03924755103028
2479,0.03924755103028
2480,0.03924755103028
2481,0.03924755103028
2482,0.03924755103028
2483,0.03924755103028
2484,0.03924755103028
2485,0.03924755103028
2486,0.03924755103028
2487,0.03924755103028
2488,0.03924755103028
2489,0.03924755103028
2490,0.03924755103028
2491,0.03924755103028
2492,0.03924755103028
2493,0.03924755103028
2494,0.03924755103028
2495,0.03924755103028
2496,0.03924755103028
2497,0.03924755103028
2498,0.03924755103028
2499,0.03924755103028
2500,0.03924755103028
